,Name,Description,ActivityDates(Individual),ScheduledDays,ScheduledStartTime,ScheduledEndTime,Duration,AllocatedLocationName,Planned Size,Allocated Staff Name,Zone Name
3,DICT-DNDFC_120_FT_DM_Lec01/1,SET Discrete Mathematics,7/1/2020,Tuesday,15:30:00,18:30:00,3:00,C01,80,Chang Wing Hong Edmund,Jackson
4,DICT-DNDFC_120_FT_DM_Lec02/1,SET Discrete Mathematics,8/1/2020,Wednesday,15:30:00,18:30:00,3:00,C01,80,Chang Wing Hong Edmund,Jackson
5,DICT-DNDFC_120_FT_DM_Lec03/1,SET Discrete Mathematics,15/1/2020,Wednesday,15:00:00,18:00:00,3:00,C01,80,Chang Wing Hong Edmund,Jackson
6,DICT-DNDFC_120_FT_DM_Lec04/1,SET Discrete Mathematics,20/1/2020,Monday,13:00:00,15:30:00,2:30,C01,80,Chang Wing Hong Edmund,Jackson
7,DICT-DNDFC_120_FT_DM_Lec05/1,SET Discrete Mathematics,22/1/2020,Wednesday,13:00:00,15:30:00,2:30,C01,80,Chang Wing Hong Edmund,Jackson
8,DICT-DNDFC_120_FT_DM_Lec06/1,SET Discrete Mathematics,3/2/2020,Monday,12:30:00,15:30:00,3:00,C01,80,Chang Wing Hong Edmund,Jackson
9,DICT-DNDFC_120_FT_DM_Lec07/1,SET Discrete Mathematics,5/2/2020,Wednesday,8:30:00,11:30:00,3:00,C02/C03,80,Chang Wing Hong Edmund,Jackson
10,DICT-DNDFC_120_FT_DM_Lec08/1,SET Discrete Mathematics,12/2/2020,Wednesday,15:30:00,18:30:00,3:00,C01,80,Chang Wing Hong Edmund,Jackson
11,DICT-DNDFC_120_FT_DM_Lec09/1,SET Discrete Mathematics,13/3/2020,Friday,8:30:00,11:30:00,3:00,C01,80,Chang Wing Hong Edmund,Jackson
12,DICT-DNDFC_120_FT_DM_Lec10/1,SET Discrete Mathematics,18/2/2020,Tuesday,12:00:00,15:00:00,3:00,C01,80,Chang Wing Hong Edmund,Jackson
13,DICT-DNDFC_120_FT_DM_Lec11/1,SET Discrete Mathematics,21/2/2020,Friday,15:30:00,18:30:00,3:00,C02/C03,80,Chang Wing Hong Edmund,Jackson
14,DICT-DNDFC_120_FT_DM_Lec12/1,SET Discrete Mathematics,25/2/2020,Tuesday,12:00:00,15:00:00,3:00,,80,Chang Wing Hong Edmund,Jackson
15,DICT-DNDFC_120_FT_DM_Lec13/1,SET Discrete Mathematics,27/2/2020,Thursday,8:30:00,11:30:00,3:00,,80,Chang Wing Hong Edmund,Marina
16,DICT-DNDFC_120_FT_DM_Lec14/1,SET Discrete Mathematics,3/3/2020,Tuesday,12:00:00,15:30:00,3:30,C02/C03,80,Chang Wing Hong Edmund,Jackson
17,DICT-DNDFC_120_FT_DM_Lec15/1,SET Discrete Mathematics,10/3/2020,Tuesday,12:00:00,15:30:00,3:30,C01,80,Chang Wing Hong Edmund,Jackson
